{
  "dataset": "scifact",
  "concepts": {
    "methodology and statistical analysis": {
      "projection_distribution": {
        "mean": 0.5078262090682983,
        "std": 0.03749549388885498,
        "min": 0.39721426367759705,
        "max": 0.6681947708129883,
        "percentiles": {
          "p10": 0.46352100372314453,
          "p25": 0.4851604104042053,
          "p50": 0.5055375099182129,
          "p75": 0.5310260653495789,
          "p90": 0.5539490580558777
        }
      },
      "bins": {
        "very_low": {
          "range": [
            0.0,
            0.1
          ],
          "n_queries": 0,
          "note": "too few queries"
        },
        "low": {
          "range": [
            0.1,
            0.2
          ],
          "n_queries": 0,
          "note": "too few queries"
        },
        "medium": {
          "range": [
            0.2,
            0.3
          ],
          "n_queries": 0,
          "note": "too few queries"
        },
        "high": {
          "range": [
            0.3,
            0.5
          ],
          "n_queries": 130,
          "base_ndcg_mean": 0.7389983583237515,
          "sub_ndcg_mean": 0.7007513147383763,
          "delta_mean": -0.03824704358537518,
          "delta_std": 0.1285674564619406,
          "t_pvalue": 0.0009631869488310091,
          "pct_improved": 0.03076923076923077,
          "pct_degraded": 0.16153846153846155,
          "pct_unchanged": 0.8076923076923077
        },
        "very_high": {
          "range": [
            0.5,
            1.0
          ],
          "n_queries": 170,
          "base_ndcg_mean": 0.7054793520064317,
          "sub_ndcg_mean": 0.6786189997449303,
          "delta_mean": -0.026860352261501203,
          "delta_std": 0.1641224210550506,
          "t_pvalue": 0.034821756451460226,
          "pct_improved": 0.1411764705882353,
          "pct_degraded": 0.18235294117647058,
          "pct_unchanged": 0.6764705882352942
        }
      }
    },
    "animal model studies": {
      "projection_distribution": {
        "mean": 0.5704309344291687,
        "std": 0.044038236141204834,
        "min": 0.39058709144592285,
        "max": 0.7412416934967041,
        "percentiles": {
          "p10": 0.5173637270927429,
          "p25": 0.5496655702590942,
          "p50": 0.5746316909790039,
          "p75": 0.5965255498886108,
          "p90": 0.618374764919281
        }
      },
      "bins": {
        "very_low": {
          "range": [
            0.0,
            0.1
          ],
          "n_queries": 0,
          "note": "too few queries"
        },
        "low": {
          "range": [
            0.1,
            0.2
          ],
          "n_queries": 0,
          "note": "too few queries"
        },
        "medium": {
          "range": [
            0.2,
            0.3
          ],
          "n_queries": 0,
          "note": "too few queries"
        },
        "high": {
          "range": [
            0.3,
            0.5
          ],
          "n_queries": 19,
          "base_ndcg_mean": 0.7387139537690526,
          "sub_ndcg_mean": 0.6934220917672632,
          "delta_mean": -0.04529186200178925,
          "delta_std": 0.10188171370736673,
          "t_pvalue": 0.07552630156498306,
          "pct_improved": 0.0,
          "pct_degraded": 0.21052631578947367,
          "pct_unchanged": 0.7894736842105263
        },
        "very_high": {
          "range": [
            0.5,
            1.0
          ],
          "n_queries": 281,
          "base_ndcg_mean": 0.7187391861265803,
          "sub_ndcg_mean": 0.6762611544437227,
          "delta_mean": -0.04247803168285747,
          "delta_std": 0.15163324490759095,
          "t_pvalue": 4.322264707178654e-06,
          "pct_improved": 0.0711743772241993,
          "pct_degraded": 0.21352313167259787,
          "pct_unchanged": 0.7153024911032029
        }
      }
    },
    "genetic analysis": {
      "projection_distribution": {
        "mean": 0.5267184376716614,
        "std": 0.057512328028678894,
        "min": 0.33982643485069275,
        "max": 0.7102352380752563,
        "percentiles": {
          "p10": 0.45061391592025757,
          "p25": 0.493622362613678,
          "p50": 0.5317003726959229,
          "p75": 0.5648401379585266,
          "p90": 0.592260479927063
        }
      },
      "bins": {
        "very_low": {
          "range": [
            0.0,
            0.1
          ],
          "n_queries": 0,
          "note": "too few queries"
        },
        "low": {
          "range": [
            0.1,
            0.2
          ],
          "n_queries": 0,
          "note": "too few queries"
        },
        "medium": {
          "range": [
            0.2,
            0.3
          ],
          "n_queries": 0,
          "note": "too few queries"
        },
        "high": {
          "range": [
            0.3,
            0.5
          ],
          "n_queries": 87,
          "base_ndcg_mean": 0.7407376771605584,
          "sub_ndcg_mean": 0.6962299530627116,
          "delta_mean": -0.0445077240978469,
          "delta_std": 0.1319629454542067,
          "t_pvalue": 0.0024042129361340893,
          "pct_improved": 0.034482758620689655,
          "pct_degraded": 0.16091954022988506,
          "pct_unchanged": 0.8045977011494253
        },
        "very_high": {
          "range": [
            0.5,
            1.0
          ],
          "n_queries": 213,
          "base_ndcg_mean": 0.711535673756866,
          "sub_ndcg_mean": 0.6604435423431287,
          "delta_mean": -0.051092131413737196,
          "delta_std": 0.2007070032953162,
          "t_pvalue": 0.0002682688224651408,
          "pct_improved": 0.09859154929577464,
          "pct_degraded": 0.20187793427230047,
          "pct_unchanged": 0.6995305164319249
        }
      }
    },
    "clinical trials": {
      "projection_distribution": {
        "mean": 0.5548295974731445,
        "std": 0.042121972888708115,
        "min": 0.4165486693382263,
        "max": 0.6737838983535767,
        "percentiles": {
          "p10": 0.496608167886734,
          "p25": 0.5336593389511108,
          "p50": 0.5570229887962341,
          "p75": 0.5823236703872681,
          "p90": 0.605729341506958
        }
      },
      "bins": {
        "very_low": {
          "range": [
            0.0,
            0.1
          ],
          "n_queries": 0,
          "note": "too few queries"
        },
        "low": {
          "range": [
            0.1,
            0.2
          ],
          "n_queries": 0,
          "note": "too few queries"
        },
        "medium": {
          "range": [
            0.2,
            0.3
          ],
          "n_queries": 0,
          "note": "too few queries"
        },
        "high": {
          "range": [
            0.3,
            0.5
          ],
          "n_queries": 33,
          "base_ndcg_mean": 0.7392927858322045,
          "sub_ndcg_mean": 0.7091419575832375,
          "delta_mean": -0.030150828248966893,
          "delta_std": 0.16086843480878854,
          "t_pvalue": 0.2969735421607467,
          "pct_improved": 0.09090909090909091,
          "pct_degraded": 0.15151515151515152,
          "pct_unchanged": 0.7575757575757576
        },
        "very_high": {
          "range": [
            0.5,
            1.0
          ],
          "n_queries": 267,
          "base_ndcg_mean": 0.7176202789914544,
          "sub_ndcg_mean": 0.6781938914479025,
          "delta_mean": -0.039426387543551794,
          "delta_std": 0.15874566669348106,
          "t_pvalue": 6.706335600067495e-05,
          "pct_improved": 0.10861423220973783,
          "pct_degraded": 0.1947565543071161,
          "pct_unchanged": 0.6966292134831461
        }
      }
    }
  },
  "control_orthogonal": [
    {
      "trial": 0,
      "proj_to_centroid": 0.0,
      "mean_proj_to_queries": 0.027744604274630547,
      "delta_mean": -0.0006228697770948844,
      "delta_std": 0.00823628494199704,