{
  "scifact": {
    "baseline_ndcg10": 0.72,
    "filter_n10_a0.1": {
      "ndcg10": 0.0,
      "delta": -0.72
    },
    "not_n10_a0.1": {
      "ndcg10": 0.71921,
      "delta": -0.0008
    },
    "filter_n10_a0.5": {
      "ndcg10": 0.0,
      "delta": -0.72
    },
    "not_n10_a0.5": {
      "ndcg10": 0.71697,
      "delta": -0.003
    },
    "filter_n10_a1.0": {
      "ndcg10": 0.0,
      "delta": -0.72
    },
    "not_n10_a1.0": {
      "ndcg10": 0.70904,
      "delta": -0.011
    },
    "filter_n10_a5.0": {
      "ndcg10": 0.0,
      "delta": -0.72
    },
    "not_n10_a5.0": {
      "ndcg10": 0.6587,
      "delta": -0.0613
    },
    "filter_n10_a10.0": {
      "ndcg10": 0.0061,
      "delta": -0.7139
    },
    "not_n10_a10.0": {
      "ndcg10": 0.65221,
      "delta": -0.0678
    },
    "filter_n10_a50.0": {
      "ndcg10": 0.00823,
      "delta": -0.7118
    },
    "not_n10_a50.0": {
      "ndcg10": 0.64615,
      "delta": -0.0738
    },
    "filter_n10_a100.0": {
      "ndcg10": 0.0102,
      "delta": -0.7098
    },
    "not_n10_a100.0": {
      "ndcg10": 0.64492,
      "delta": -0.0751
    },
    "filter_n10_a1000.0": {
      "ndcg10": 0.01028,
      "delta": -0.7097
    },
    "not_n10_a1000.0": {
      "ndcg10": 0.64492,
      "delta": -0.0751
    },
    "filter_n25_a0.1": {
      "ndcg10": 0.0,
      "delta": -0.72
    },
    "not_n25_a0.1": {
      "ndcg10": 0.71921,
      "delta": -0.0008
    },
    "filter_n25_a0.5": {
      "ndcg10": 0.0,
      "delta": -0.72
    },
    "not_n25_a0.5": {
      "ndcg10": 0.71762,
      "delta": -0.0024
    },
    "filter_n25_a1.0": {
      "ndcg10": 0.0,
      "delta": -0.72
    },
    "not_n25_a1.0": {
      "ndcg10": 0.71545,
      "delta": -0.0045
    },
    "filter_n25_a5.0": {
      "ndcg10": 0.00778,
      "delta": -0.7122
    },
    "not_n25_a5.0": {
      "ndcg10": 0.66345,
      "delta": -0.0565
    },
    "filter_n25_a10.0": {
      "ndcg10": 0.0158,
      "delta": -0.7042
    },
    "not_n25_a10.0": {
      "ndcg10": 0.65912,
      "delta": -0.0609
    },
    "filter_n25_a50.0": {
      "ndcg10": 0.02668,
      "delta": -0.6933
    },
    "not_n25_a50.0": {
      "ndcg10": 0.63758,
      "delta": -0.0824
    },
    "filter_n25_a100.0": {
      "ndcg10": 0.0269,
      "delta": -0.6931
    },
    "not_n25_a100.0": {
      "ndcg10": 0.63691,
      "delta": -0.0831
    },
    "filter_n25_a1000.0": {
      "ndcg10": 0.02706,
      "delta": -0.6929
    },
    "not_n25_a1000.0": {
      "ndcg10": 0.63658,
      "delta": -0.0834
    },
    "filter_n50_a0.1": {
      "ndcg10": 0.00211,
      "delta": -0.7179
    },
    "not_n50_a0.1": {
      "ndcg10": 0.71921,
      "delta": -0.0008
    },
    "filter_n50_a0.5": {
      "ndcg10": 0.00211,
      "delta": -0.7179
    },
    "not_n50_a0.5": {
      "ndcg10": 0.71924,
      "delta": -0.0008
    },
    "filter_n50_a1.0": {
      "ndcg10": 0.00351,
      "delta": -0.7165
    },
    "not_n50_a1.0": {
      "ndcg10": 0.71373,
      "delta": -0.0063
    },
    "filter_n50_a5.0": {
      "ndcg10": 0.01492,
      "delta": -0.7051
    },
    "not_n50_a5.0": {
      "ndcg10": 0.66415,
      "delta": -0.0558
    },
    "filter_n50_a10.0": {
      "ndcg10": 0.02859,
      "delta": -0.6914
    },
    "not_n50_a10.0": {
      "ndcg10": 0.65176,
      "delta": -0.0682
    },
    "filter_n50_a50.0": {
      "ndcg10": 0.07359,
      "delta": -0.6464
    },
    "not_n50_a50.0": {
      "ndcg10": 0.6152,
      "delta": -0.1048
    },
    "filter_n50_a100.0": {
      "ndcg10": 0.08728,
      "delta": -0.6327
    },
    "not_n50_a100.0": {
      "ndcg10": 0.6109,
      "delta": -0.1091
    },
    "filter_n50_a1000.0": {
      "ndcg10": 0.09189,
      "delta": -0.6281
    },
    "not_n50_a1000.0": {
      "ndcg10": 0.61091,
      "delta": -0.1091
    },
    "filter_n100_a0.1": {
      "ndcg10": 0.00421,
      "delta": -0.7158
    },
    "not_n100_a0.1": {
      "ndcg10": 0.71921,
      "delta": -0.0008
    },
    "filter_n100_a0.5": {
      "ndcg10": 0.00421,
      "delta": -0.7158
    },
    "not_n100_a0.5": {
      "ndcg10": 0.71789,
      "delta": -0.0021
    },
    "filter_n100_a1.0": {
      "ndcg10": 0.00421,
      "delta": -0.7158
    },
    "not_n100_a1.0": {
      "ndcg10": 0.71351,
      "delta": -0.0065
    },
    "filter_n100_a5.0": {
      "ndcg10": 0.02515,
      "delta": -0.6948
    },
    "not_n100_a5.0": {
      "ndcg10": 0.66591,
      "delta": -0.0541
    },
    "filter_n100_a10.0": {
      "ndcg10": 0.05404,
      "delta": -0.666
    },
    "not_n100_a10.0": {
      "ndcg10": 0.65077,
      "delta": -0.0692
    },
    "filter_n100_a50.0": {
      "ndcg10": 0.28383,
      "delta": -0.4362
    },
    "not_n100_a50.0": {
      "ndcg10": 0.58813,
      "delta": -0.1319
    },
    "filter_n100_a100.0": {
      "ndcg10": 0.35044,
      "delta": -0.3696
    },
    "not_n100_a100.0": {
      "ndcg10": 0.5745,
      "delta": -0.1455
    },
    "filter_n100_a1000.0": {
      "ndcg10": 0.39187,
      "delta": -0.3281
    },
    "not_n100_a1000.0": {
      "ndcg10": 0.56825,
      "delta": -0.1517
    },
    "filter_n200_a0.1": {
      "ndcg10": 0.00377,
      "delta": -0.7162
    },
    "not_n200_a0.1": {
      "ndcg10": 0.71887,
      "delta": -0.0011
    },
    "filter_n200_a0.5": {
      "ndcg10": 0.00377,
      "delta": -0.7162
    },
    "not_n200_a0.5": {
      "ndcg10": 0.71902,
      "delta": -0.001
    },
    "filter_n200_a1.0": {
      "ndcg10": 0.00377,
      "delta": -0.7162
    },
    "not_n200_a1.0": {
      "ndcg10": 0.71388,
      "delta": -0.0061
    },
    "filter_n200_a5.0": {
      "ndcg10": 0.02532,
      "delta": -0.6947
    },
    "not_n200_a5.0": {
      "ndcg10": 0.6638,
      "delta": -0.0562
    },
    "filter_n200_a10.0": {
      "ndcg10": 0.0844,
      "delta": -0.6356
    },
    "not_n200_a10.0": {
      "ndcg10": 0.65565,
      "delta": -0.0644
    },
    "filter_n200_a50.0": {
      "ndcg10": 0.51718,
      "delta": -0.2028
    },
    "not_n200_a50.0": {
      "ndcg10": 0.54335,
      "delta": -0.1766
    },
    "filter_n200_a100.0": {
      "ndcg10": 0.6113,
      "delta": -0.1087
    },
    "not_n200_a100.0": {
      "ndcg10": 0.4991,
      "delta": -0.2209
    },
    "filter_n200_a1000.0": {
      "ndcg10": 0.63979,
      "delta": -0.0802
    },
    "not_n200_a1000.0": {
      "ndcg10": 0.44583,
      "delta": -0.2742
    }
  },
  "arguana": {
    "baseline_ndcg10": 0.59499,
    "filter_n10_a0.1": {
      "ndcg10": 0.0,
      "delta": -0.595
    },
    "not_n10_a0.1": {
      "ndcg10": 0.59608,
      "delta": 0.0011
    },
    "filter_n10_a0.5": {
      "ndcg10": 0.0,
      "delta": -0.595
    },
    "not_n10_a0.5": {
      "ndcg10": 0.59984,
      "delta": 0.0049
    },
    "filter_n10_a1.0": {
      "ndcg10": 0.0,
      "delta": -0.595
    },
    "not_n10_a1.0": {
      "ndcg10": 0.59167,
      "delta": -0.0033
    },
    "filter_n10_a5.0": {
      "ndcg10": 0.0,
      "delta": -0.595
    },
    "not_n10_a5.0": {
      "ndcg10": 0.52853,
      "delta": -0.0665
    },
    "filter_n10_a10.0": {
      "ndcg10": 0.00022,
      "delta": -0.5948
    },
    "not_n10_a10.0": {
      "ndcg10": 0.51809,
      "delta": -0.0769
    },
    "filter_n10_a50.0": {
      "ndcg10": 0.00051,
      "delta": -0.5945
    },
    "not_n10_a50.0": {
      "ndcg10": 0.51132,
      "delta": -0.0837
    },
    "filter_n10_a100.0": {
      "ndcg10": 0.00051,
      "delta": -0.5945
    },
    "not_n10_a100.0": {
      "ndcg10": 0.51103,
      "delta": -0.084
    },
    "filter_n10_a1000.0": {
      "ndcg10": 0.00051,
      "delta": -0.5945
    },
    "not_n10_a1000.0": {
      "ndcg10": 0.51106,
      "delta": -0.0839
    },
    "filter_n25_a0.1": {
      "ndcg10": 0.0,
      "delta": -0.595
    },
    "not_n25_a0.1": {
      "ndcg10": 0.59565,
      "delta": 0.0007
    },
    "filter_n25_a0.5": {
      "ndcg10": 0.0,
      "delta": -0.595
    },
    "not_n25_a0.5": {
      "ndcg10": 0.6008,
      "delta": 0.0058
    },