{
  "dataset": "scifact",
  "num_queries": 300,
  "num_docs": 5183,
  "model": "BAAI/bge-small-en-v1.5",
  "baseline": {
    "ndcg": {
      "NDCG@1": 0.60333,
      "NDCG@5": 0.69221,
      "NDCG@10": 0.72
    },
    "map": {
      "MAP@1": 0.57872,
      "MAP@5": 0.66291,
      "MAP@10": 0.67636
    },
    "recall": {
      "Recall@1": 0.57872,
      "Recall@5": 0.76528,
      "Recall@10": 0.84522
    },
    "precision": {
      "P@1": 0.60333,
      "P@5": 0.17,
      "P@10": 0.09533
    }
  },
  "prf": {
    "ndcg": {
      "NDCG@1": 0.59,
      "NDCG@5": 0.69095,
      "NDCG@10": 0.71232
    },
    "map": {
      "MAP@1": 0.56539,
      "MAP@5": 0.65769,
      "MAP@10": 0.6683
    },
    "recall": {
      "Recall@1": 0.56539,
      "Recall@5": 0.77861,
      "Recall@10": 0.83922
    },
    "precision": {
      "P@1": 0.59,
      "P@5": 0.174,
      "P@10": 0.095
    }
  },
  "subtraction": {
    "methodology and statistical analysis": {
      "ndcg": {
        "NDCG@1": 0.58667,
        "NDCG@5": 0.66148,
        "NDCG@10": 0.68821
      },
      "map": {
        "MAP@1": 0.55928,
        "MAP@5": 0.63294,
        "MAP@10": 0.64535
      },
      "recall": {
        "Recall@1": 0.55928,
        "Recall@5": 0.7325,
        "Recall@10": 0.81111
      },
      "precision": {
        "P@1": 0.58667,
        "P@5": 0.164,
        "P@10": 0.09133
      },
      "projection_stats": {
        "mean": 0.5078262090682983,
        "std": 0.03749549761414528,
        "min": 0.397214412689209,
        "max": 0.6681948900222778,
        "pct_above_0.1": 1.0
      }
    },
    "animal model studies": {
      "ndcg": {
        "NDCG@1": 0.56333,
        "NDCG@5": 0.64981,
        "NDCG@10": 0.67735
      },
      "map": {
        "MAP@1": 0.53483,
        "MAP@5": 0.61808,
        "MAP@10": 0.63095
      },
      "recall": {
        "Recall@1": 0.53483,
        "Recall@5": 0.72694,
        "Recall@10": 0.809
      },
      "precision": {
        "P@1": 0.56333,
        "P@5": 0.16267,
        "P@10": 0.09133
      },
      "projection_stats": {
        "mean": 0.5704309344291687,
        "std": 0.04403822124004364,
        "min": 0.39058709144592285,
        "max": 0.7412415146827698,
        "pct_above_0.1": 1.0
      }
    },
    "genetic analysis": {
      "ndcg": {
        "NDCG@1": 0.57333,
        "NDCG@5": 0.65575,
        "NDCG@10": 0.67082
      },
      "map": {
        "MAP@1": 0.54817,
        "MAP@5": 0.62605,
        "MAP@10": 0.63386
      },
      "recall": {
        "Recall@1": 0.54817,
        "Recall@5": 0.72906,
        "Recall@10": 0.77211
      },
      "precision": {
        "P@1": 0.57333,
        "P@5": 0.16133,
        "P@10": 0.08667
      },
      "projection_stats": {
        "mean": 0.5267184376716614,
        "std": 0.057512328028678894,
        "min": 0.339826375246048,
        "max": 0.7102352380752563,
        "pct_above_0.1": 1.0
      }
    },
    "clinical trials": {
      "ndcg": {
        "NDCG@1": 0.55667,
        "NDCG@5": 0.65295,
        "NDCG@10": 0.6816
      },
      "map": {
        "MAP@1": 0.5315,
        "MAP@5": 0.61865,
        "MAP@10": 0.63263
      },
      "recall": {
        "Recall@1": 0.5315,
        "Recall@5": 0.73678,
        "Recall@10": 0.82022
      },
      "precision": {
        "P@1": 0.55667,
        "P@5": 0.164,
        "P@10": 0.09267
      },
      "projection_stats": {
        "mean": 0.5548295378684998,
        "std": 0.042121972888708115,
        "min": 0.4165486693382263,
        "max": 0.6737840175628662,
        "pct_above_0.1": 1.0
      }
    }
  },
  "rotation_analysis": {
    "target": "clinical medicine and patient outcomes",
    "data": {
      "alpha=0.05": {
        "mean_jaccard@10": 0.9213908313908314,
        "mean_new_docs": 0.44,
        "mean_sim_shift": 0.006787221769491836,
        "pct_queries_with_change": 0.39666666666666667
      },
      "alpha=0.1": {
        "mean_jaccard@10": 0.8520590520590521,
        "mean_new_docs": 0.8466666666666667,
        "mean_sim_shift": 0.012538481970628106,
        "pct_queries_with_change": 0.6666666666666666
      },
      "alpha=0.15": {
        "mean_jaccard@10": 0.7816661116661118,
        "mean_new_docs": 1.3,
        "mean_sim_shift": 0.017094203730424248,
        "pct_queries_with_change": 0.8166666666666667
      },
      "alpha=0.2": {
        "mean_jaccard@10": 0.7102772227772228,
        "mean_new_docs": 1.8,
        "mean_sim_shift": 0.020293226540088652,
        "pct_queries_with_change": 0.9
      },
      "alpha=0.3": {
        "mean_jaccard@10": 0.5605175706646295,
        "mean_new_docs": 2.98,
        "mean_sim_shift": 0.02212425392866135,
        "pct_queries_with_change": 0.9566666666666667
      },
      "alpha=0.4": {
        "mean_jaccard@10": 0.40590606532557,
        "mean_new_docs": 4.453333333333333,
        "mean_sim_shift": 0.017712240060170494,
        "pct_queries_with_change": 0.99
      },
      "alpha=0.5": {
        "mean_jaccard@10": 0.22189983792150975,
        "mean_new_docs": 6.59,
        "mean_sim_shift": 0.008890674054622653,
        "pct_queries_with_change": 1.0
      }
    }
  },
  "rotation_ndcg": {
    "alpha=0.05": {
      "ndcg@10": 0.71763,
      "recall@10": 0.84356
    },
    "alpha=0.1": {
      "ndcg@10": 0.71221,
      "recall@10": 0.83689
    },
    "alpha=0.15": {
      "ndcg@10": 0.70468,
      "recall@10": 0.81856
    },
    "alpha=0.2": {
      "ndcg@10": 0.69391,
      "recall@10": 0.81289
    },
    "alpha=0.3": {
      "ndcg@10": 0.67743,
      "recall@10": 0.79456
    },
    "alpha=0.4": {
      "ndcg@10": 0.6285,
      "recall@10": 0.74622
    },
    "alpha=0.5": {
      "ndcg@10": 0.5226,
      "recall@10": 0.60278
    }
  }
}