{
  "model": "thenlper/gte-small",
  "params_M": 33,
  "family": "general-text",
  "scifact": {
    "baseline_ndcg10": 0.72696,
    "nlerp_a0.1": {
      "ndcg10": 0.72385,
      "delta": -0.0031,
      "jaccard": 0.8613120213120214
    },
    "slerp_a0.1": {
      "ndcg10": 0.72308,
      "delta": -0.0039,
      "jaccard": 0.8552281052281053
    },
    "nlerp_a0.2": {
      "ndcg10": 0.71467,
      "delta": -0.0123,
      "jaccard": 0.7541769341769342
    },
    "slerp_a0.2": {
      "ndcg10": 0.71324,
      "delta": -0.0137,
      "jaccard": 0.7431080031080031
    },
    "subtraction": {
      "ndcg10": 0.69141,
      "delta": -0.0356,
      "jaccard": 0.4899187316524778
    },
    "scaled_sub_b0.25": {
      "ndcg10": 0.72632,
      "delta": -0.0006,
      "jaccard": 0.8113353313353315
    },
    "scaled_sub_b0.5": {
      "ndcg10": 0.71671,
      "delta": -0.0103,
      "jaccard": 0.6851345223404047
    },
    "scaled_sub_b0.75": {
      "ndcg10": 0.7115,
      "delta": -0.0155,
      "jaccard": 0.5774154168271814
    },
    "dir_scale_g0.5": {
      "ndcg10": 0.72066,
      "delta": -0.0063,
      "jaccard": 0.6643972693972694
    },
    "dir_scale_g1.5": {
      "ndcg10": 0.70541,
      "delta": -0.0216,
      "jaccard": 0.6548099123099123
    },
    "dir_scale_g2.0": {
      "ndcg10": 0.65348,
      "delta": -0.0735,
      "jaccard": 0.4399359939452819
    },
    "addition_a0.1": {
      "ndcg10": 0.72276,
      "delta": -0.0042,
      "jaccard": 0.8798057498057498
    },
    "addition_a0.2": {
      "ndcg10": 0.71555,
      "delta": -0.0114,
      "jaccard": 0.7878943278943279
    },
    "seq_rot_sub": {
      "ndcg10": 0.6845,
      "delta": -0.0425,
      "jaccard": 0.4719945534341819
    },
    "seq_sub_rot": {
      "ndcg10": 0.69723,
      "delta": -0.0297,
      "jaccard": 0.5007353674304139
    }
  },
  "arguana": {
    "baseline_ndcg10": 0.55271,
    "nlerp_a0.1": {
      "ndcg10": 0.5516,
      "delta": -0.0011,
      "jaccard": 0.9145719145719144
    },
    "slerp_a0.1": {
      "ndcg10": 0.55137,
      "delta": -0.0013,
      "jaccard": 0.9111732269627006
    },
    "nlerp_a0.2": {
      "ndcg10": 0.54439,
      "delta": -0.0083,
      "jaccard": 0.8358483029535662
    },
    "slerp_a0.2": {
      "ndcg10": 0.54374,
      "delta": -0.009,
      "jaccard": 0.8266716548450295
    },
    "subtraction": {
      "ndcg10": 0.46088,
      "delta": -0.0918,
      "jaccard": 0.6162032716334492
    },
    "scaled_sub_b0.25": {
      "ndcg10": 0.53733,
      "delta": -0.0154,
      "jaccard": 0.8725264777896357
    },
    "scaled_sub_b0.5": {
      "ndcg10": 0.51746,
      "delta": -0.0353,
      "jaccard": 0.7764201045934792
    },
    "scaled_sub_b0.75": {
      "ndcg10": 0.49226,
      "delta": -0.0605,
      "jaccard": 0.6921006897787084
    },
    "dir_scale_g0.5": {
      "ndcg10": 0.52441,
      "delta": -0.0283,
      "jaccard": 0.77174015912406
    },
    "dir_scale_g1.5": {
      "ndcg10": 0.53353,
      "delta": -0.0192,
      "jaccard": 0.7552378670799722
    },
    "dir_scale_g2.0": {
      "ndcg10": 0.47146,
      "delta": -0.0813,
      "jaccard": 0.5662902369762399
    },
    "addition_a0.1": {
      "ndcg10": 0.55257,
      "delta": -0.0001,
      "jaccard": 0.9208652892863419
    },
    "addition_a0.2": {
      "ndcg10": 0.5477,
      "delta": -0.005,
      "jaccard": 0.8622566977830136
    },
    "seq_rot_sub": {
      "ndcg10": 0.44908,
      "delta": -0.1036,
      "jaccard": 0.5929775952384719
    },
    "seq_sub_rot": {
      "ndcg10": 0.46242,
      "delta": -0.0903,
      "jaccard": 0.6204040420880897
    }
  }
}